{
    "sources": [
        {
            "URL": "https://tangyc8866.github.io/bookdown_tutorial/",
            "author": [
                {
                    "family": "汤银才"
                }
            ],
            "id": "bookdown-Tang",
            "issued": {
                "date-parts": [
                    [
                        2022
                    ]
                ]
            },
            "keyword": "bodyref",
            "publisher": "华东师范大学统计学院",
            "publisher-place": "上海市中山北路3663号",
            "title": "Bookdown 中文书稿写作手册",
            "type": "book"
        },
        {
            "URL": "http://yihui.name/knitr/",
            "author": [
                {
                    "family": "Xie",
                    "given": "Yihui"
                }
            ],
            "edition": "2nd",
            "id": "xie2015",
            "issued": {
                "date-parts": [
                    [
                        2015
                    ]
                ]
            },
            "keyword": "bodyref",
            "note": "ISBN 978-1498716963",
            "publisher": "Chapman; Hall/CRC",
            "publisher-place": "Boca Raton, Florida",
            "title": "Dynamic documents with R and knitr",
            "type": "book"
        },
        {
            "URL": "https://www.R-project.org/",
            "author": [
                {
                    "literal": "R Core Team"
                }
            ],
            "id": "R-base",
            "issued": {
                "date-parts": [
                    [
                        2021
                    ]
                ]
            },
            "keyword": "bodyref",
            "publisher": "R Foundation for Statistical Computing",
            "publisher-place": "Vienna, Austria",
            "title": "R: A language and environment for statistical computing",
            "title-short": "R",
            "type": "book"
        },
        {
            "URL": "https://CRAN.R-project.org/package=bookdown",
            "author": [
                {
                    "family": "Xie",
                    "given": "Yihui"
                }
            ],
            "id": "R-bookdown",
            "issued": {
                "date-parts": [
                    [
                        2022
                    ]
                ]
            },
            "keyword": "bodyref",
            "note": "R package version 0.25",
            "title": "Bookdown: Authoring books and technical documents with r markdown",
            "title-short": "Bookdown",
            "type": "book"
        },
        {
            "URL": "https://yihui.org/knitr/",
            "author": [
                {
                    "family": "Xie",
                    "given": "Yihui"
                }
            ],
            "id": "R-knitr",
            "issued": {
                "date-parts": [
                    [
                        2022
                    ]
                ]
            },
            "keyword": "bodyref",
            "note": "R package version 1.39",
            "title": "Knitr: A general-purpose package for dynamic report generation in r",
            "title-short": "Knitr",
            "type": "book"
        },
        {
            "URL": "https://CRAN.R-project.org/package=rmarkdown",
            "author": [
                {
                    "family": "Allaire",
                    "given": "JJ"
                },
                {
                    "family": "Xie",
                    "given": "Yihui"
                },
                {
                    "family": "McPherson",
                    "given": "Jonathan"
                },
                {
                    "family": "Luraschi",
                    "given": "Javier"
                },
                {
                    "family": "Ushey",
                    "given": "Kevin"
                },
                {
                    "family": "Atkins",
                    "given": "Aron"
                },
                {
                    "family": "Wickham",
                    "given": "Hadley"
                },
                {
                    "family": "Cheng",
                    "given": "Joe"
                },
                {
                    "family": "Chang",
                    "given": "Winston"
                },
                {
                    "family": "Iannone",
                    "given": "Richard"
                }
            ],
            "id": "R-rmarkdown",
            "issued": {
                "date-parts": [
                    [
                        2022
                    ]
                ]
            },
            "keyword": "bodyref",
            "note": "R package version 2.13",
            "title": "Rmarkdown: Dynamic documents for r",
            "title-short": "Rmarkdown",
            "type": "book"
        },
        {
            "URL": "https://bookdown.org/yihui/bookdown",
            "author": [
                {
                    "family": "Xie",
                    "given": "Yihui"
                }
            ],
            "id": "bookdown2016",
            "issued": {
                "date-parts": [
                    [
                        2016
                    ]
                ]
            },
            "keyword": "bodyref",
            "note": "ISBN 978-1138700109",
            "publisher": "Chapman; Hall/CRC",
            "publisher-place": "Boca Raton, Florida",
            "title": "Bookdown: Authoring books and technical documents with R markdown",
            "title-short": "Bookdown",
            "type": "book"
        },
        {
            "URL": "https://yihui.org/knitr/",
            "author": [
                {
                    "family": "Xie",
                    "given": "Yihui"
                }
            ],
            "edition": "2nd",
            "id": "knitr2015",
            "issued": {
                "date-parts": [
                    [
                        2015
                    ]
                ]
            },
            "keyword": "bodyref",
            "note": "ISBN 978-1498716963",
            "publisher": "Chapman; Hall/CRC",
            "publisher-place": "Boca Raton, Florida",
            "title": "Dynamic documents with R and knitr",
            "type": "book"
        },
        {
            "URL": "http://www.crcpress.com/product/isbn/9781466561595",
            "author": [
                {
                    "family": "Xie",
                    "given": "Yihui"
                }
            ],
            "container-title": "Implementing reproducible computational research",
            "editor": [
                {
                    "family": "Stodden",
                    "given": "Victoria"
                },
                {
                    "family": "Leisch",
                    "given": "Friedrich"
                },
                {
                    "family": "Peng",
                    "given": "Roger D."
                }
            ],
            "id": "knitr2014",
            "issued": {
                "date-parts": [
                    [
                        2014
                    ]
                ]
            },
            "keyword": "bodyref",
            "note": "ISBN 978-1466561595",
            "publisher": "Chapman; Hall/CRC",
            "title": "Knitr: A comprehensive tool for reproducible research in R",
            "title-short": "Knitr",
            "type": "chapter"
        },
        {
            "URL": "https://bookdown.org/yihui/rmarkdown",
            "author": [
                {
                    "family": "Xie",
                    "given": "Yihui"
                },
                {
                    "family": "Allaire",
                    "given": "J. J."
                },
                {
                    "family": "Grolemund",
                    "given": "Garrett"
                }
            ],
            "id": "rmarkdown2018",
            "issued": {
                "date-parts": [
                    [
                        2018
                    ]
                ]
            },
            "keyword": "bodyref",
            "note": "ISBN 9781138359338",
            "publisher": "Chapman; Hall/CRC",
            "publisher-place": "Boca Raton, Florida",
            "title": "R markdown: The definitive guide",
            "title-short": "R markdown",
            "type": "book"
        },
        {
            "URL": "https://bookdown.org/yihui/rmarkdown-cookbook",
            "author": [
                {
                    "family": "Xie",
                    "given": "Yihui"
                },
                {
                    "family": "Dervieux",
                    "given": "Christophe"
                },
                {
                    "family": "Riederer",
                    "given": "Emily"
                }
            ],
            "id": "rmarkdown2020",
            "issued": {
                "date-parts": [
                    [
                        2020
                    ]
                ]
            },
            "keyword": "bodyref",
            "note": "ISBN 9780367563837",
            "publisher": "Chapman; Hall/CRC",
            "publisher-place": "Boca Raton, Florida",
            "title": "R markdown cookbook",
            "type": "book"
        },
        {
            "author": [
                {
                    "family": "胡伟"
                }
            ],
            "id": "Wuwei:2013",
            "issued": {
                "date-parts": [
                    [
                        2013,
                        1
                    ]
                ]
            },
            "keyword": "bodyref",
            "publisher": "清华大学出版社",
            "publisher-place": "北京",
            "title": "LaTeX 2e 完全学习手册(第二版)",
            "type": "book"
        },
        {
            "author": [
                {
                    "family": "Kottwitz",
                    "given": "Stefan"
                }
            ],
            "id": "Kottwiz:2015",
            "issued": {
                "date-parts": [
                    [
                        2015,
                        11
                    ]
                ]
            },
            "keyword": "bodyref",
            "publisher": "PACKT",
            "publisher-place": "Birmingham",
            "title": "LaTeX cookbook",
            "type": "book"
        },
        {
            "author": [
                {
                    "family": "Daly",
                    "given": "Patrick W."
                }
            ],
            "edition": "",
            "id": "Dalu:1998",
            "issued": {
                "date-parts": [
                    [
                        1998,
                        4
                    ]
                ]
            },
            "keyword": "bodyref",
            "publisher-place": "http://tex.loria.fr/graph-pack/grf/grf.htm",
            "title": "Graphics and colour with LaTeX",
            "type": "book"
        },
        {
            "author": [
                {
                    "family": "Hoffman",
                    "given": "Matthew D."
                },
                {
                    "family": "Blei",
                    "given": "David M."
                },
                {
                    "family": "Wang",
                    "given": "Chong"
                },
                {
                    "family": "Paisley",
                    "given": "John"
                }
            ],
            "container-title": "Journal of Machine Learning Research",
            "id": "hoffman2013",
            "issue": "5",
            "issued": {
                "date-parts": [
                    [
                        2013
                    ]
                ]
            },
            "keyword": "motivation",
            "title": "Stochastic variational inference.",
            "type": "article-journal",
            "volume": "14"
        },
        {
            "author": [
                {
                    "family": "Zhou",
                    "given": "Shirong"
                },
                {
                    "family": "Xu",
                    "given": "Ancha"
                }
            ],
            "container-title": "IEEE Transaction on Reliability",
            "id": "zhouxu:2019",
            "issue": "2",
            "issued": {
                "date-parts": [
                    [
                        2019
                    ]
                ]
            },
            "keyword": "bodyref",
            "page": "398-409",
            "title": "Exponential dispersion process for degradation analysis",
            "type": "article-journal",
            "volume": "68"
        },
        {
            "author": [
                {
                    "family": "管强"
                },
                {
                    "family": "汤银才"
                }
            ],
            "container-title": "应用概率统计",
            "id": "guanqtang:2018",
            "issue": "4",
            "issued": {
                "date-parts": [
                    [
                        2018
                    ]
                ]
            },
            "keyword": "bodyref",
            "page": "427-440",
            "title": "基于线性退化轨道的区间型建模分析及应用",
            "type": "article-journal",
            "volume": "34"
        },
        {
            "URL": "http://www.chinainfo.gov.cn/periodical/qbxb/qbxb99/qbxb990203",
            "accessed": {
                "date-parts": [
                    [
                        2000,
                        1,
                        18
                    ]
                ]
            },
            "author": [
                {
                    "family": "江向东"
                }
            ],
            "container-title": "情报学报",
            "id": "江向东1999-4-4",
            "issue": "2",
            "issued": {
                "date-parts": [
                    [
                        1999
                    ]
                ]
            },
            "keyword": "bodyref",
            "page": "4",
            "title": "互联网环境下的信息处理与图书管理系统解决方案",
            "type": "article-journal",
            "volume": "18"
        },
        {
            "author": [
                {
                    "family": "汤银才"
                }
            ],
            "id": "tang:2008",
            "issued": {
                "date-parts": [
                    [
                        2008,
                        11
                    ]
                ]
            },
            "keyword": "bodyref",
            "publisher": "高等教育出版社",
            "publisher-place": "北京",
            "title": "R语言与统计分析",
            "type": "book"
        },
        {
            "author": [
                {
                    "family": "刘乃安"
                }
            ],
            "genre": "PhD thesis",
            "id": "刘乃安2000-17-18",
            "issued": {
                "date-parts": [
                    [
                        2000
                    ]
                ]
            },
            "keyword": "bodyref",
            "page": "17-18",
            "publisher": "中国科学技术大学",
            "publisher-place": "安徽",
            "title": "生物质材料热解失重动力学及其分析方法研究",
            "type": "thesis"
        },
        {
            "author": [
                {
                    "family": "CALMS",
                    "given": "R B"
                }
            ],
            "genre": "Master’s thesis",
            "id": "CALMS1965--",
            "issued": {
                "date-parts": [
                    [
                        1965
                    ]
                ]
            },
            "keyword": "bodyref",
            "publisher": "Univ. of California",
            "publisher-place": "Berkeley",
            "title": "Infrared spectroscopic studies on solid oxygen",
            "type": "thesis"
        },
        {
            "author": [
                {
                    "family": "李约瑟"
                }
            ],
            "container-author": [
                {
                    "family": "苏克福"
                },
                {
                    "family": "管成学"
                },
                {
                    "family": "邓明鲁"
                }
            ],
            "container-title": "苏颂与《本草图经》研究",
            "id": "李约瑟1991--",
            "issued": {
                "date-parts": [
                    [
                        1991
                    ]
                ]
            },
            "keyword": "bodyref",
            "page": "扉页",
            "publisher": "长春出版社",
            "publisher-place": "长春",
            "title": "题词",
            "type": "chapter"
        },
        {
            "author": [
                {
                    "family": "韩吉人"
                }
            ],
            "container-author": [
                {
                    "family": "中国职工教育研究会"
                }
            ],
            "container-title": "职工教育研究论文集",
            "id": "韩吉人1985-90-99",
            "issued": {
                "date-parts": [
                    [
                        1985
                    ]
                ]
            },
            "keyword": "bodyref",
            "page": "90-99",
            "publisher": "人民教育出版社",
            "publisher-place": "北京",
            "title": "论职工教育的特点",
            "type": "chapter"
        },
        {
            "author": [
                {
                    "family": "Ranganath",
                    "given": "Rajesh"
                },
                {
                    "family": "Gerrish",
                    "given": "Sean"
                },
                {
                    "family": "Blei",
                    "given": "David"
                }
            ],
            "collection-title": "PMLR",
            "container-title": "Preceedings of the 17th international conference on artificial intelligence and statistics (AISTATS)",
            "id": "ranganath2014black",
            "issued": {
                "date-parts": [
                    [
                        2014
                    ]
                ]
            },
            "keyword": "motivation",
            "page": "814-822",
            "publisher-place": "Reykjavik, Iceland",
            "title": "Black box variational inference",
            "type": "paper-conference",
            "volume": "33"
        },
        {
            "author": [
                {
                    "family": "Liu",
                    "given": "Yang"
                },
                {
                    "family": "liu",
                    "given": "Yukun"
                },
                {
                    "family": "Li",
                    "given": "Pengfei"
                },
                {
                    "family": "Qin",
                    "given": "Jing"
                }
            ],
            "container-title": "Journal of the Royal Statistics Society: Series B",
            "id": "liu&liu:2018a",
            "issue": "",
            "issued": {
                "date-parts": [
                    [
                        2018
                    ]
                ]
            },
            "keyword": "pubs",
            "page": "995-1014",
            "title": "Full likelihood inference for abundance from continous time capture-recapture data",
            "type": "article-journal",
            "volume": "80"
        },
        {
            "author": [
                {
                    "family": "Liu",
                    "given": "Yang"
                },
                {
                    "family": "liu",
                    "given": "Yukun"
                },
                {
                    "family": "Fan",
                    "given": "Yan"
                },
                {
                    "family": "Han",
                    "given": "Hang"
                }
            ],
            "container-title": "Metrika",
            "id": "liu&liu:2018b",
            "issue": "",
            "issued": {
                "date-parts": [
                    [
                        2018
                    ]
                ]
            },
            "keyword": "pubs",
            "page": "549-568",
            "title": "Likelihood ratio confidence interval for the abundance under binomial detectability models",
            "type": "article-journal",
            "volume": "81"
        },
        {
            "URL": "http://xxx.xxx.cn",
            "accessed": {
                "date-parts": [
                    [
                        2020,
                        1,
                        18
                    ]
                ]
            },
            "author": [
                {
                    "family": "Smith",
                    "given": "John"
                }
            ],
            "container-title": "Journal of Nothingness",
            "id": "smith:inpress-a",
            "issued": {
                "date-parts": [
                    [
                        2020
                    ]
                ]
            },
            "keyword": "working",
            "title": "Title of the paper",
            "type": "manuscript"
        },
        {
            "author": [
                {
                    "family": "Smith",
                    "given": "John"
                }
            ],
            "container-title": "Review of Random Thoughts",
            "id": "smith:inpress-b",
            "issued": {
                "date-parts": [
                    [
                        2020
                    ]
                ]
            },
            "keyword": "working",
            "title": "Title of the paper",
            "type": "manuscript"
        }
    ],
    "project_biblios": [
        "refs.bib"
    ]
}